{"rmse": 25403.76664984939, "mae": 6001.3056640625, "r2": 0.23970246315002441}